{
  "params": {
    "a_range": [
      1,
      10
    ],
    "b_range": [
      -2500,
      2500
    ],
    "c_max": 5002,
    "early_test_n": 75,
    "max_n": 5000,
    "min_early_density": 0.25,
    "min_streak": 1,
    "top_k": 1000
  },
  "progress": {
    "a": 7,
    "b": -2104,
    "c_idx": 62,
    "skipped": 20029732,
    "tested": 309268
  },
  "completed_boundary_interpretation": {
    "completed_all_a_lt": 7,
    "completed_for_a_eq_curr_completed_all_b_lt": -2104,
    "completed_for_a_eq_curr_b_eq_curr_completed_all_c_idx_lt": 62
  },
  "results_rows": 309268,
  "topk_csv": "top_1000_results.csv",
  "stats": {
    "density": {
      "count": 309268.0,
      "mean": 0.26383601277856095,
      "std": 0.061320625778484,
      "min": 0.1028,
      "25%": 0.2176,
      "50%": 0.2594,
      "75%": 0.3052,
      "max": 0.5468
    },
    "early_density": {
      "count": 309268.0,
      "mean": 0.4223823135058697,
      "std": 0.10484689322800894,
      "min": 0.25333333333333335,
      "25%": 0.3466666666666667,
      "50%": 0.41333333333333333,
      "75%": 0.49333333333333335,
      "max": 1.0
    },
    "max_streak": {
      "count": 309268.0,
      "mean": 5.453079529728262,
      "std": 2.2605994024138623,
      "min": 2.0,
      "25%": 4.0,
      "50%": 5.0,
      "75%": 6.0,
      "max": 80.0
    },
    "total_primes": {
      "count": 309268.0,
      "mean": 1319.180063892805,
      "std": 306.6031288923914,
      "min": 514.0,
      "25%": 1088.0,
      "50%": 1297.0,
      "75%": 1526.0,
      "max": 2734.0
    }
  }
}